Strategy,Model,Acc_mean_across_athletes_pct,Acc_SD_across_athletes_pct,Acc_pooled_pct,Balanced_acc_pct,Macro_F1,Low_High_confusions
Primary: within-fold MRMR top 3,SVM,90.6488528226333,4.26416022557517,90.5913978494624,90.8259382877135,0.911350225096593,0
Primary: within-fold MRMR top 3,AdaBoostM2,88.7585733866222,7.66878946253336,88.4408602150538,88.5942885337345,0.885892719859965,0
Primary: within-fold MRMR top 3,OrdinalLogistic,90.343450509609,5.94930279335662,89.7849462365591,90.1517536250341,0.903582766439909,0
Primary: within-fold MRMR top 3,Multinomial,90.1250450412036,5.70771092058046,89.7849462365591,90.14566617887,0.902336308077028,0
Primary: within-fold MRMR top 3,CLMM,90.343450509609,5.94930279335662,89.7849462365591,90.1517536250341,0.903582766439909,0
Primary: within-fold MRMR top 3,LMM_binned,90.2407620395425,5.01117043230896,90.0537634408602,90.8052329609578,0.905958660224872,0
Primary: within-fold MRMR top 3,SVR_binned,90.4777728863095,5.47757538840677,90.0537634408602,90.1575407037889,0.905586691981825,0
Sensitivity: no heart rate (sRPE + TD),SVM,72.2777707350878,11.8761695807923,73.3870967741936,70.6212038565573,0.720349367903423,3
Sensitivity: no heart rate (sRPE + TD),AdaBoostM2,73.8347969323579,6.82882035045539,74.1935483870968,73.8587640401739,0.74596922092628,3
Sensitivity: no heart rate (sRPE + TD),OrdinalLogistic,76.1697525173135,8.48194353476643,76.8817204301075,76.1111191209087,0.768212423870897,2
Sensitivity: no heart rate (sRPE + TD),Multinomial,75.9720986550255,11.177822312238,77.1505376344086,75.2786808824554,0.76707026764235,2
Sensitivity: no heart rate (sRPE + TD),CLMM,76.156932004493,9.17030653953181,76.8817204301075,76.3290456886864,0.769159148024554,2
Sensitivity: no heart rate (sRPE + TD),LMM_binned,76.2034916440404,7.46921567066438,76.6129032258064,76.5472726238735,0.766630682644276,3
Sensitivity: no heart rate (sRPE + TD),SVR_binned,78.0684818367745,8.80679421991516,78.7634408602151,78.1281863976016,0.785948277412383,3
