Strategy,Model,Class,Sensitivity,Specificity,Precision,F1
Primary: within-fold MRMR top 3,SVM,Low,0.926174496644295,0.932735426008969,0.901960784313726,0.913907284768212
Primary: within-fold MRMR top 3,SVM,Medium,0.877551020408163,0.924444444444444,0.883561643835616,0.880546075085324
Primary: within-fold MRMR top 3,SVM,High,0.921052631578947,0.989864864864865,0.958904109589041,0.939597315436242
Primary: within-fold MRMR top 3,AdaBoostM2,Low,0.912751677852349,0.937219730941704,0.906666666666667,0.909698996655518
Primary: within-fold MRMR top 3,AdaBoostM2,Medium,0.850340136054422,0.906666666666667,0.856164383561644,0.853242320819113
Primary: within-fold MRMR top 3,AdaBoostM2,High,0.894736842105263,0.972972972972973,0.894736842105263,0.894736842105263
Primary: within-fold MRMR top 3,OrdinalLogistic,Low,0.912751677852349,0.932735426008969,0.900662251655629,0.906666666666667
Primary: within-fold MRMR top 3,OrdinalLogistic,Medium,0.870748299319728,0.915555555555556,0.870748299319728,0.870748299319728
Primary: within-fold MRMR top 3,OrdinalLogistic,High,0.921052631578947,0.986486486486487,0.945945945945946,0.933333333333333
Primary: within-fold MRMR top 3,Multinomial,Low,0.926174496644295,0.928251121076233,0.896103896103896,0.910891089108911
Primary: within-fold MRMR top 3,Multinomial,Medium,0.857142857142857,0.924444444444444,0.881118881118881,0.868965517241379
Primary: within-fold MRMR top 3,Multinomial,High,0.921052631578947,0.983108108108108,0.933333333333333,0.927152317880795
Primary: within-fold MRMR top 3,CLMM,Low,0.912751677852349,0.932735426008969,0.900662251655629,0.906666666666667
Primary: within-fold MRMR top 3,CLMM,Medium,0.870748299319728,0.915555555555556,0.870748299319728,0.870748299319728
Primary: within-fold MRMR top 3,CLMM,High,0.921052631578947,0.986486486486487,0.945945945945946,0.933333333333333
Primary: within-fold MRMR top 3,LMM_binned,Low,0.906040268456376,0.94170403587444,0.912162162162162,0.909090909090909
Primary: within-fold MRMR top 3,LMM_binned,Medium,0.870748299319728,0.92,0.876712328767123,0.873720136518771
Primary: within-fold MRMR top 3,LMM_binned,High,0.947368421052632,0.97972972972973,0.923076923076923,0.935064935064935
Primary: within-fold MRMR top 3,SVR_binned,Low,0.932885906040268,0.923766816143498,0.891025641025641,0.911475409836066
Primary: within-fold MRMR top 3,SVR_binned,Medium,0.863945578231292,0.924444444444444,0.881944444444444,0.872852233676976
Primary: within-fold MRMR top 3,SVR_binned,High,0.907894736842105,0.989864864864865,0.958333333333333,0.932432432432432
Sensitivity: no heart rate (sRPE + TD),SVM,Low,0.865771812080537,0.820627802690583,0.763313609467456,0.811320754716981
Sensitivity: no heart rate (sRPE + TD),SVM,Medium,0.687074829931973,0.777777777777778,0.66887417218543,0.677852348993289
Sensitivity: no heart rate (sRPE + TD),SVM,High,0.565789473684211,0.969594594594595,0.826923076923077,0.671875
Sensitivity: no heart rate (sRPE + TD),AdaBoostM2,Low,0.832214765100671,0.811659192825112,0.746987951807229,0.787301587301587
Sensitivity: no heart rate (sRPE + TD),AdaBoostM2,Medium,0.659863945578231,0.808888888888889,0.692857142857143,0.67595818815331
Sensitivity: no heart rate (sRPE + TD),AdaBoostM2,High,0.723684210526316,0.962837837837838,0.833333333333333,0.774647887323944
Sensitivity: no heart rate (sRPE + TD),OrdinalLogistic,Low,0.865771812080537,0.838565022421525,0.781818181818182,0.821656050955414
Sensitivity: no heart rate (sRPE + TD),OrdinalLogistic,Medium,0.693877551020408,0.826666666666667,0.723404255319149,0.708333333333333
Sensitivity: no heart rate (sRPE + TD),OrdinalLogistic,High,0.723684210526316,0.962837837837838,0.833333333333333,0.774647887323944
Sensitivity: no heart rate (sRPE + TD),Multinomial,Low,0.865771812080537,0.847533632286996,0.791411042944785,0.826923076923077
Sensitivity: no heart rate (sRPE + TD),Multinomial,Medium,0.73469387755102,0.804444444444444,0.710526315789474,0.722408026755853
Sensitivity: no heart rate (sRPE + TD),Multinomial,High,0.657894736842105,0.976351351351351,0.87719298245614,0.75187969924812
Sensitivity: no heart rate (sRPE + TD),CLMM,Low,0.852348993288591,0.847533632286996,0.788819875776398,0.819354838709677
Sensitivity: no heart rate (sRPE + TD),CLMM,Medium,0.700680272108844,0.822222222222222,0.72027972027972,0.710344827586207
Sensitivity: no heart rate (sRPE + TD),CLMM,High,0.736842105263158,0.959459459459459,0.823529411764706,0.777777777777778
Sensitivity: no heart rate (sRPE + TD),LMM_binned,Low,0.805369127516778,0.883408071748879,0.821917808219178,0.813559322033898
Sensitivity: no heart rate (sRPE + TD),LMM_binned,Medium,0.727891156462585,0.804444444444444,0.708609271523179,0.718120805369127
Sensitivity: no heart rate (sRPE + TD),LMM_binned,High,0.763157894736842,0.942567567567568,0.773333333333333,0.768211920529801
Sensitivity: no heart rate (sRPE + TD),SVR_binned,Low,0.852348993288591,0.874439461883408,0.819354838709677,0.835526315789474
Sensitivity: no heart rate (sRPE + TD),SVR_binned,Medium,0.741496598639456,0.831111111111111,0.741496598639456,0.741496598639456
Sensitivity: no heart rate (sRPE + TD),SVR_binned,High,0.75,0.956081081081081,0.814285714285714,0.780821917808219
