OuterFold,HeldOutAthlete,InnerValidationAthlete,InnerMRMR_top3,SameAsOuterFold
1,8,28,"sRPE, %HRmax, Total distance",1
1,8,32,"sRPE, %HRmax, Total distance",1
1,8,34,"sRPE, %HRmax, Total distance",1
1,8,35,"sRPE, %HRmax, Total distance",1
1,8,36,"sRPE, %HRmax, Total distance",1
1,8,38,"sRPE, %HRmax, Total distance",1
1,8,39,"sRPE, %HRmax, Total distance",1
1,8,41,"sRPE, %HRmax, Total distance",1
1,8,43,"sRPE, %HRmax, Total distance",1
2,28,8,"sRPE, %HRmax, Total distance",1
2,28,32,"sRPE, %HRmax, Total distance",1
2,28,34,"sRPE, %HRmax, Total distance",1
2,28,35,"sRPE, %HRmax, Total distance",1
2,28,36,"sRPE, %HRmax, Total distance",1
2,28,38,"sRPE, %HRmax, Total distance",1
2,28,39,"sRPE, %HRmax, Total distance",1
2,28,41,"sRPE, %HRmax, Total distance",1
2,28,43,"sRPE, %HRmax, Total distance",1
3,32,8,"sRPE, %HRmax, Total distance",1
3,32,28,"sRPE, %HRmax, Total distance",1
3,32,34,"sRPE, %HRmax, Total distance",1
3,32,35,"sRPE, %HRmax, Total distance",1
3,32,36,"sRPE, %HRmax, Total distance",1
3,32,38,"sRPE, %HRmax, Total distance",1
3,32,39,"sRPE, %HRmax, Total distance",1
3,32,41,"sRPE, %HRmax, Total distance",1
3,32,43,"sRPE, %HRmax, Total distance",1
4,34,8,"sRPE, %HRmax, Total distance",1
4,34,28,"sRPE, %HRmax, Total distance",1
4,34,32,"sRPE, %HRmax, Total distance",1
4,34,35,"sRPE, %HRmax, Total distance",1
4,34,36,"sRPE, %HRmax, Total distance",1
4,34,38,"sRPE, %HRmax, Total distance",1
4,34,39,"sRPE, %HRmax, Total distance",1
4,34,41,"sRPE, %HRmax, Total distance",1
4,34,43,"sRPE, %HRmax, Total distance",1
5,35,8,"sRPE, %HRmax, Total distance",1
5,35,28,"sRPE, %HRmax, Total distance",1
5,35,32,"sRPE, %HRmax, Total distance",1
5,35,34,"sRPE, %HRmax, Total distance",1
5,35,36,"sRPE, %HRmax, Total distance",1
5,35,38,"sRPE, %HRmax, Total distance",1
5,35,39,"sRPE, %HRmax, Total distance",1
5,35,41,"sRPE, %HRmax, Total distance",1
5,35,43,"sRPE, %HRmax, Total distance",1
6,36,8,"sRPE, %HRmax, Total distance",1
6,36,28,"sRPE, %HRmax, Total distance",1
6,36,32,"sRPE, %HRmax, Total distance",1
6,36,34,"sRPE, %HRmax, Total distance",1
6,36,35,"sRPE, %HRmax, Total distance",1
6,36,38,"sRPE, %HRmax, Total distance",1
6,36,39,"sRPE, %HRmax, Total distance",1
6,36,41,"sRPE, %HRmax, Total distance",1
6,36,43,"sRPE, %HRmax, Total distance",1
7,38,8,"sRPE, %HRmax, Total distance",1
7,38,28,"sRPE, %HRmax, Total distance",1
7,38,32,"sRPE, %HRmax, Total distance",1
7,38,34,"sRPE, %HRmax, Total distance",1
7,38,35,"sRPE, %HRmax, Total distance",1
7,38,36,"sRPE, %HRmax, Total distance",1
7,38,39,"sRPE, %HRmax, Total distance",1
7,38,41,"sRPE, %HRmax, Total distance",1
7,38,43,"sRPE, %HRmax, Total distance",1
8,39,8,"sRPE, %HRmax, Total distance",1
8,39,28,"sRPE, %HRmax, Total distance",1
8,39,32,"sRPE, %HRmax, Total distance",1
8,39,34,"sRPE, %HRmax, Total distance",1
8,39,35,"sRPE, %HRmax, Total distance",1
8,39,36,"sRPE, %HRmax, Total distance",1
8,39,38,"sRPE, %HRmax, Total distance",1
8,39,41,"sRPE, %HRmax, Total distance",1
8,39,43,"sRPE, %HRmax, Total distance",1
9,41,8,"sRPE, %HRmax, Total distance",1
9,41,28,"sRPE, %HRmax, Total distance",1
9,41,32,"sRPE, %HRmax, Total distance",1
9,41,34,"sRPE, %HRmax, Total distance",1
9,41,35,"sRPE, %HRmax, Total distance",1
9,41,36,"sRPE, %HRmax, Total distance",1
9,41,38,"sRPE, %HRmax, Total distance",1
9,41,39,"sRPE, %HRmax, Total distance",1
9,41,43,"sRPE, %HRmax, Total distance",1
10,43,8,"sRPE, %HRmax, Total distance",1
10,43,28,"sRPE, %HRmax, Total distance",1
10,43,32,"sRPE, %HRmax, Total distance",1
10,43,34,"sRPE, %HRmax, Total distance",1
10,43,35,"sRPE, %HRmax, Total distance",1
10,43,36,"sRPE, %HRmax, Total distance",1
10,43,38,"sRPE, %HRmax, Total distance",1
10,43,39,"sRPE, %HRmax, Total distance",1
10,43,41,"sRPE, %HRmax, Total distance",1
