Strategy,ModelA,ModelB,Diff_pooled_acc_pct,Day_boot_CI_low,Day_boot_CI_high,Day_signflip_p,Athlete_boot_CI_low,Athlete_boot_CI_high,Athlete_signflip_p
Primary: within-fold MRMR top 3,SVM,AdaBoostM2,2.1505376344086,-0.854707792207792,5.32544378698225,0.25325,-0.839162480634712,5.78947368421053,0.390625
Primary: within-fold MRMR top 3,SVM,OrdinalLogistic,0.806451612903225,-1.53649419634074,3.2,0.66945,-1.92837465564738,3.19148936170213,0.703125
Primary: within-fold MRMR top 3,SVM,Multinomial,0.806451612903225,-1.0680926916221,2.71672034353194,0.57915,-1.08991825613079,2.57731958762887,0.59375
Primary: within-fold MRMR top 3,SVM,CLMM,0.806451612903225,-1.58940676182055,3.25323519507384,0.6663,-1.91256830601093,3.25,0.703125
Primary: within-fold MRMR top 3,SVM,LMM_binned,0.53763440860215,-2.49031849064925,3.52104840696501,0.86265,-1.71184371184371,2.63157894736842,0.8203125
Primary: within-fold MRMR top 3,SVM,SVR_binned,0.53763440860215,-1.69731598405915,2.77078085642317,0.8139,-2.00573065902579,2.9925187032419,0.84375
Primary: within-fold MRMR top 3,AdaBoostM2,OrdinalLogistic,-1.34408602150538,-4.59614787200994,1.98652629205249,0.5305,-6.96378830083565,2.91005291005291,0.7734375
Primary: within-fold MRMR top 3,AdaBoostM2,Multinomial,-1.34408602150538,-4.4116489571035,1.73338865678475,0.5077,-5.31185913301747,1.85676392572944,0.671875
Primary: within-fold MRMR top 3,AdaBoostM2,CLMM,-1.34408602150538,-4.58818197766213,1.95807642953272,0.53135,-6.79617255819682,2.85714285714286,0.7734375
Primary: within-fold MRMR top 3,AdaBoostM2,LMM_binned,-1.61290322580645,-5.24861878453039,2.14888844910614,0.48915,-6.4033426183844,2.13659188730925,0.609375
Primary: within-fold MRMR top 3,AdaBoostM2,SVR_binned,-1.61290322580645,-4.83237736620109,1.43266475644699,0.4276,-5.49594384672919,1.74418604651163,0.515625
Primary: within-fold MRMR top 3,OrdinalLogistic,Multinomial,0,-1.30548302872063,1.33156028368794,1,-1.88172043010753,2.02020202020202,1
Primary: within-fold MRMR top 3,OrdinalLogistic,CLMM,0,0,0,1,0,0,1
Primary: within-fold MRMR top 3,OrdinalLogistic,LMM_binned,-0.268817204301075,-2.46027742749054,1.89189189189189,1,-2.34986945169713,1.94895633614297,1
Primary: within-fold MRMR top 3,OrdinalLogistic,SVR_binned,-0.268817204301075,-1.85430788879065,1.30719177614042,1,-2.5706940874036,2.40320855614973,1
Primary: within-fold MRMR top 3,Multinomial,CLMM,0,-1.30548302872063,1.31926121372032,1,-2.06337621263267,1.8716577540107,1
Primary: within-fold MRMR top 3,Multinomial,LMM_binned,-0.268817204301075,-2.77008310249307,2.10526315789474,1,-1.5748031496063,1.15606936416185,1
Primary: within-fold MRMR top 3,Multinomial,SVR_binned,-0.268817204301075,-1.69014084507042,1.09289617486339,1,-1.92307692307692,1.2531328320802,1
Primary: within-fold MRMR top 3,CLMM,LMM_binned,-0.268817204301075,-2.5,1.91780821917808,1,-2.35911283340891,1.93905817174515,1
Primary: within-fold MRMR top 3,CLMM,SVR_binned,-0.268817204301075,-1.86666666666667,1.30208333333333,1,-2.55102040816327,2.3936170212766,1
Primary: within-fold MRMR top 3,LMM_binned,SVR_binned,0,-2.51995004550939,2.4012012012012,1,-1.88087774294671,1.75879396984925,1
Sensitivity: no heart rate (sRPE + TD),SVM,AdaBoostM2,-0.806451612903225,-4.42960814866113,2.18878658582229,0.76285,-5.95069472548226,3.87275982920372,0.82421875
Sensitivity: no heart rate (sRPE + TD),SVM,OrdinalLogistic,-3.49462365591398,-6.70316174157892,-0.547945205479452,0.04745,-6.30971880971881,-1.01781170483461,0.0625
Sensitivity: no heart rate (sRPE + TD),SVM,Multinomial,-3.76344086021505,-6.44214741111168,-1.48441402003702,0.0037,-6.06860158311346,-1.54838967473827,0.03125
Sensitivity: no heart rate (sRPE + TD),SVM,CLMM,-3.49462365591398,-6.80913591166526,-0.577201779080808,0.04615,-7.01195664320036,0,0.125
Sensitivity: no heart rate (sRPE + TD),SVM,LMM_binned,-3.2258064516129,-7.44985673352436,0.56980056980057,0.16315,-8.40457922299355,2.53485831780505,0.32421875
Sensitivity: no heart rate (sRPE + TD),SVM,SVR_binned,-5.3763440860215,-8.86070439256035,-2.37388724035608,0.0023,-9.25114312828919,-1.27388741756244,0.046875
Sensitivity: no heart rate (sRPE + TD),AdaBoostM2,OrdinalLogistic,-2.68817204301075,-5.73315993683413,0.256739832575308,0.1227,-5.40540540540541,0.309600490759911,0.171875
Sensitivity: no heart rate (sRPE + TD),AdaBoostM2,Multinomial,-2.95698924731183,-6.49350649350649,0.488407041648776,0.1376,-6.32911392405063,0.9375,0.2265625
Sensitivity: no heart rate (sRPE + TD),AdaBoostM2,CLMM,-2.68817204301075,-5.8659217877095,0,0.1337,-6.35139875471367,1.58103041244272,0.3125
Sensitivity: no heart rate (sRPE + TD),AdaBoostM2,LMM_binned,-2.41935483870968,-6.55737704918033,1.27388741756244,0.31725,-6.40847082351261,1.6260162601626,0.36328125
Sensitivity: no heart rate (sRPE + TD),AdaBoostM2,SVR_binned,-4.56989247311828,-8.7463556851312,-0.80321429083454,0.0404,-8.30157279906024,-1.05402027496181,0.09375
Sensitivity: no heart rate (sRPE + TD),OrdinalLogistic,Multinomial,-0.268817204301075,-2.31362467866324,2.0460358056266,1,-1.81818181818182,1.57232704402516,1
Sensitivity: no heart rate (sRPE + TD),OrdinalLogistic,CLMM,0,-1.31926121372032,1.28865979381443,1,-1.88129908652712,2.03562340966921,1
Sensitivity: no heart rate (sRPE + TD),OrdinalLogistic,LMM_binned,0.268817204301075,-2.23394374592789,2.70636490148685,1,-3.20427807486631,4.61538461538461,1
Sensitivity: no heart rate (sRPE + TD),OrdinalLogistic,SVR_binned,-1.88172043010753,-4.15471366218138,0.264901126970092,0.17,-4.77386934673367,1.06241887239686,0.34375
Sensitivity: no heart rate (sRPE + TD),Multinomial,CLMM,0.268817204301075,-1.86666666666667,1.93370165745856,1,-1.98863636363636,2.5974025974026,1
Sensitivity: no heart rate (sRPE + TD),Multinomial,LMM_binned,0.53763440860215,-2.41286863270777,3.36589501037854,0.8595,-3.4437146506112,4.84934539853677,0.8984375
Sensitivity: no heart rate (sRPE + TD),Multinomial,SVR_binned,-1.61290322580645,-3.62911396069123,0.505689809487278,0.2194,-4.16666666666667,1.02564102564103,0.34375
Sensitivity: no heart rate (sRPE + TD),CLMM,LMM_binned,0.268817204301075,-1.78344238458742,2.32558139534884,1,-2.97621683865539,3.5064075282546,1
Sensitivity: no heart rate (sRPE + TD),CLMM,SVR_binned,-1.88172043010753,-3.78378378378378,-0.248138957816377,0.09075,-4.26666666666667,0,0.25
Sensitivity: no heart rate (sRPE + TD),LMM_binned,SVR_binned,-2.1505376344086,-4.76788705431921,0.277779921141367,0.15295,-4.26065162907268,0,0.171875
