Strategy,Fold,HeldOutAthlete,Predictors
Primary: within-fold MRMR top 3,1,8,"sRPE, %HRmax, Total distance"
Primary: within-fold MRMR top 3,2,28,"sRPE, %HRmax, Total distance"
Primary: within-fold MRMR top 3,3,32,"sRPE, %HRmax, Total distance"
Primary: within-fold MRMR top 3,4,34,"sRPE, %HRmax, Total distance"
Primary: within-fold MRMR top 3,5,35,"sRPE, %HRmax, Total distance"
Primary: within-fold MRMR top 3,6,36,"sRPE, %HRmax, Total distance"
Primary: within-fold MRMR top 3,7,38,"sRPE, %HRmax, Total distance"
Primary: within-fold MRMR top 3,8,39,"sRPE, %HRmax, Total distance"
Primary: within-fold MRMR top 3,9,41,"sRPE, %HRmax, Total distance"
Primary: within-fold MRMR top 3,10,43,"sRPE, %HRmax, Total distance"
Sensitivity: no heart rate (sRPE + TD),1,8,"sRPE, Total distance"
Sensitivity: no heart rate (sRPE + TD),2,28,"sRPE, Total distance"
Sensitivity: no heart rate (sRPE + TD),3,32,"sRPE, Total distance"
Sensitivity: no heart rate (sRPE + TD),4,34,"sRPE, Total distance"
Sensitivity: no heart rate (sRPE + TD),5,35,"sRPE, Total distance"
Sensitivity: no heart rate (sRPE + TD),6,36,"sRPE, Total distance"
Sensitivity: no heart rate (sRPE + TD),7,38,"sRPE, Total distance"
Sensitivity: no heart rate (sRPE + TD),8,39,"sRPE, Total distance"
Sensitivity: no heart rate (sRPE + TD),9,41,"sRPE, Total distance"
Sensitivity: no heart rate (sRPE + TD),10,43,"sRPE, Total distance"
